seed,proposed,no_cetsp,coverage,roundrobin,single_station
0,1664.716379971807,1757.4848531305504,2110.732519654143,inf,inf
1,1775.6738028454165,1875.921741997525,inf,inf,inf
2,1889.1486417943142,1959.792083812855,inf,inf,inf
3,1695.0172424584207,1777.8359731956848,1984.2438535632814,inf,inf
4,1870.5269816600276,2052.3283504717674,2461.7719173101827,inf,inf
5,inf,inf,inf,inf,inf
6,1798.8467955310466,1918.3599347477252,1984.6878602350778,inf,inf
7,1637.4023852804087,1776.366493901787,2672.078621555449,inf,inf
8,inf,inf,inf,inf,inf
9,inf,inf,inf,inf,inf
10,inf,inf,inf,inf,inf
11,inf,inf,inf,inf,inf
12,inf,inf,inf,inf,inf
13,1779.896497865553,1867.6396947227572,1779.896497865553,inf,inf
14,1647.7108659243072,1752.3220677547513,1647.7108659243072,inf,inf
15,inf,inf,inf,inf,inf
16,inf,inf,inf,inf,inf
17,1655.4149278871894,1760.5034304633189,2269.209042631188,inf,inf
18,1659.7960012689682,1754.060515577227,2047.158441582889,inf,inf
19,inf,inf,inf,inf,inf
