M,c,w_mean,w_p90,w_p95,w_max,ratio_p95,ratio_max,n_waits
8,2,299.55151795514035,401.01605282351375,418.15044274085085,434.93501193819975,1.395921628424101,1.451953957393512,2881
10,2,778.8592956221474,878.0434090735507,896.9950600028969,914.9350119381998,1.1516779282789242,1.1747115519849525,3601
12,2,1259.5875029720373,1357.269795264816,1375.9739089857321,1394.5962976629962,1.092400413420328,1.1071849271070102,4321
8,3,13.314614294637169,53.81957538542338,94.33058399426227,263.5849184647086,7.084740264106377,19.79666197096485,2881
10,3,53.95511799550628,147.7272263088962,179.08119640278164,263.5849184647086,3.319077096962269,4.885262571136655,3601
12,3,299.5875029720361,390.2453322080546,408.34278223595174,434.9637439729995,1.3630167419702652,1.4518754609520532,4321
8,4,3.2284293490695255,0.0,0.0,267.5534508538549,0.0,82.87418491315822,2881
10,4,7.600887191534384,18.11328139307443,63.45255981234368,225.10077619962976,8.348046512651186,29.615066047860772,3601
12,4,20.184309483891433,80.72547846741509,116.27212636667537,255.87731838412583,5.760520391320253,12.677040975235482,4321
