seed,method,aoi_analytic_s,aoi_des_s,aoi_solver_s
0,proposed,2455.262367373469,2361.3409861313553,2455.262367373469
0,no_cetsp,2569.170730386096,2500.971805239796,2569.170730386096
0,coverage,3206.7677807640257,3129.7232323129697,3206.7677807640257
0,roundrobin,3373.4040285475394,3316.21156406025,3373.4040285475394
0,single_station,2708.1685311027745,2691.4673835281324,2708.1685311027745
1,proposed,2531.9737665970624,2487.427725772831,2531.9737665970624
1,no_cetsp,2642.403551982263,2601.704848884675,2642.403551982263
1,coverage,3326.241911877667,3201.3825133445503,3326.241911877667
1,roundrobin,3512.8662792226255,3436.2569640897227,3512.8662792226255
1,single_station,2822.011531164863,2801.906139391248,2822.011531164863
2,proposed,2556.4306596395572,2537.4566593696327,2556.4306596395572
2,no_cetsp,2658.3082194097447,2632.801476282375,2658.308219409744
2,coverage,3376.7103032701852,3299.63879942352,3376.7103032701852
2,roundrobin,3694.524896441122,3641.8197862121274,3694.524896441122
2,single_station,2935.7683358536847,2920.146415299144,2935.7683358536847
3,proposed,2369.5345697377916,2317.593739189495,2369.5345697377916
3,no_cetsp,2482.9825105366217,2439.019449440969,2482.9825105366217
3,coverage,2643.6966782773243,2587.4315299397285,2643.6966782773243
3,roundrobin,3361.1216840959137,3300.8471709768896,3361.1216840959137
3,single_station,2547.822227258839,2529.0017973955264,2547.822227258839
4,proposed,2777.889371300297,2743.166656813048,2777.889371300297
4,no_cetsp,2864.239953444496,2838.21433399137,2864.239953444496
4,coverage,3558.231097754691,3534.5050545389795,3558.231097754691
4,roundrobin,3762.7203250651114,3694.9437247798814,3762.7203250651114
4,single_station,3220.395123745484,3201.815099760051,3220.395123745484
5,proposed,2470.6288867842886,2433.9790758986737,2470.6288867842886
5,no_cetsp,2577.6473824549407,2541.8759561568068,2577.6473824549407
5,coverage,3112.1466378409423,2966.659741984336,3112.1466378409423
5,roundrobin,3381.790876833584,3314.9006704559556,3381.790876833584
5,single_station,2965.7903416008194,2949.6619760692943,2965.7903416008194
6,proposed,2457.009881316222,2389.255855787744,2457.009881316222
6,no_cetsp,2549.1889743714823,2498.6982561724744,2549.1889743714823
6,coverage,2940.030262713432,2774.6995379572645,2940.030262713432
6,roundrobin,3323.1637171675975,3265.04289032751,3323.1637171675975
6,single_station,2729.3037355200227,2712.72845474403,2729.3037355200227
7,proposed,2397.963006867546,2334.399591009837,2397.963006867546
7,no_cetsp,2508.127692649346,2474.9108940484193,2508.127692649346
7,coverage,3337.8238845269602,3157.2210087630056,3337.8238845269602
7,roundrobin,3347.2995939866137,3283.95902483144,3347.2995939866137
7,single_station,2809.0582375804584,2793.8987331998765,2809.0582375804584
8,proposed,2395.6451853336766,2333.4595658694934,2395.6451853336766
8,no_cetsp,2491.3225082658773,2446.0878254770305,2491.3225082658773
8,coverage,2933.100479404471,2756.2011733640143,2933.100479404471
8,roundrobin,3541.557541014715,3488.41142595556,3541.557541014715
8,single_station,2624.6705246316133,2607.612204526113,2624.6705246316133
9,proposed,2406.037670334007,2363.04695053297,2406.037670334007
9,no_cetsp,2497.5000938742533,2460.4453471071197,2497.5000938742533
9,coverage,3031.2695013701355,2948.5423328757774,3031.2695013701355
9,roundrobin,3574.3285519222304,3523.325861114557,3574.3285519222304
9,single_station,2810.267776778702,2793.6204449984552,2810.267776778702
10,proposed,2464.910536444516,2395.8952371876767,2464.910536444516
10,no_cetsp,2571.6542600019957,2510.3851300979322,2571.6542600019957
10,coverage,3177.4169600867026,3101.402702875323,3177.4169600867026
10,roundrobin,3297.3917804308435,3234.654978896045,3297.3917804308435
10,single_station,2726.1336477292025,2709.9113532164,2726.1336477292025
11,proposed,2569.340525441708,2549.255750428707,2569.340525441708
11,no_cetsp,2655.434491673508,2632.7645741621345,2655.434491673508
11,coverage,2876.833648747906,2787.076429266227,2876.833648747906
11,roundrobin,3092.4870397041263,3035.796342383365,3092.4870397041263
11,single_station,2852.9925325768386,2834.032454379013,2852.9925325768386
12,proposed,2651.2952213571753,2617.0310597563603,2651.2952213571753
12,no_cetsp,2706.615260752014,2681.135554562872,2706.615260752014
12,coverage,3392.3160477077736,3314.8194960588835,3392.316047707773
12,roundrobin,4055.945847944662,3991.5560700066135,4055.945847944662
12,single_station,3124.737197377737,3109.578120013616,3124.737197377737
13,proposed,2508.9929565688,2503.0090148996087,2508.9929565688
13,no_cetsp,2614.973002904893,2607.868310522917,2614.973002904893
13,coverage,3287.910134842164,3169.2306126506974,3287.910134842164
13,roundrobin,3225.417494016837,3156.3768883699786,3225.417494016837
13,single_station,2721.4668711774416,2706.3668877881123,2721.4668711774416
14,proposed,2454.2643205940167,2444.3851283685717,2454.2643205940167
14,no_cetsp,2595.000375344487,2575.838118489906,2595.000375344487
14,coverage,2508.2281599326025,2451.1348965970355,2508.2281599326025
14,roundrobin,3171.039812470487,3098.349046530898,3171.039812470487
14,single_station,2821.116335494549,2802.154007104931,2821.116335494549
15,proposed,2375.4745199452104,2350.1982164324872,2375.4745199452104
15,no_cetsp,2459.866480555958,2432.145123979547,2459.866480555958
15,coverage,2402.86598748745,2354.6263863143568,2402.86598748745
15,roundrobin,3079.4469823766376,3021.098696938205,3079.4469823766376
15,single_station,2638.5222238326487,2621.254563629757,2638.5222238326487
16,proposed,2362.6478813580343,2318.4996342847285,2362.6478813580343
16,no_cetsp,2471.121628349066,2439.7819769875277,2471.121628349066
16,coverage,2985.6073148633554,2858.471369379809,2985.6073148633554
16,roundrobin,3171.307401677847,3108.1155068065354,3171.307401677847
16,single_station,2587.3323039007028,2569.982941824854,2587.3323039007028
17,proposed,2491.564277296775,2470.0510727765927,2491.564277296775
17,no_cetsp,2583.3162501907445,2575.7063612333714,2583.3162501907445
17,coverage,3103.4034353738016,3050.285220468107,3103.4034353738016
17,roundrobin,3788.0687084255555,3722.2932614331485,3788.0687084255555
17,single_station,2860.268071336522,2840.8098744029207,2860.268071336522
18,proposed,2209.674584475824,2162.3917054161284,2209.674584475824
18,no_cetsp,2304.8851103755787,2252.019495086098,2304.8851103755787
18,coverage,2291.733762755828,2172.8843939703816,2291.733762755828
18,roundrobin,2991.262108657262,2927.1744197449416,2991.262108657262
18,single_station,2495.14805605411,2475.1065432253117,2495.14805605411
19,proposed,2416.9230417474487,2387.2300571034525,2416.9230417474487
19,no_cetsp,2507.539239185234,2464.4955163692475,2507.539239185234
19,coverage,2977.552936751383,2812.890005337919,2977.552936751383
19,roundrobin,3308.887412233572,3260.4892209941745,3308.887412233572
19,single_station,2475.458690375448,2456.888884908425,2475.458690375448
