seed,cov_m,reach_s,stations,ports,closed_assign
0,0.0,653.6103380593438,0,0,0
1,0.0,509.88777261442596,0,0,0
2,0.0,639.3308269964907,0,0,0
3,0.1259613037109375,602.5987470562302,0,0,0
4,0.0,544.0320275539254,0,0,0
5,0.0,605.3294180358887,0,0,0
6,0.5408935546875,753.3971278959966,0,0,0
7,0.0028533935546875,661.0809007315731,0,0,0
8,0.3058624267578125,604.483562657611,0,0,0
9,0.0,557.5758421521066,0,0,0
10,0.0,805.7201379945493,0,0,0
11,0.1203765869140625,690.8972155184026,0,0,0
12,0.0,617.305620940371,0,0,0
13,0.0,529.6483053822521,0,0,0
14,0.1233062744140625,624.5954449561466,0,0,0
15,0.605682373046875,632.0753693884606,0,0,0
16,0.0,607.1237575248003,0,0,0
17,0.0,562.2659523249549,0,0,0
18,0.0,546.3084930920302,0,0,0
19,0.0047607421875,607.3558866850149,0,0,0
