seed,aoi_round0,aoi_round1,gain_pct
0,1149.3735262978064,1149.3735262978064,0.0
1,1201.382960522865,1201.8708811248266,-0.04061324473498879
2,1178.9777967366226,1171.0044778490433,0.676290843614636
3,1147.1542806731768,1141.0677482625424,0.5305766201789939
4,1233.3678833727918,1233.3678833727915,1.843518697936674e-14
5,1186.3032983834785,1186.3032983834785,0.0
6,1195.1855544568564,1208.0279601897043,-1.0745114584893143
7,1185.991616553314,1191.2343282055283,-0.44205301108707584
8,1151.3266518409205,1151.3266518409205,0.0
9,1161.1826745071958,1161.1826745071958,0.0
10,1204.0369238972849,1204.0369238972849,0.0
11,1184.188858919546,1184.188858919546,0.0
12,1218.0676308865168,1218.0676308865168,0.0
13,1187.2247336370165,1187.2247336370165,0.0
14,1174.2040553799036,1177.2820912889115,-0.2621380751416348
15,1139.4795087407888,1139.4795087407888,0.0
16,1124.6812732024523,1124.6812732024523,0.0
17,1182.6242689610835,1152.2675032971713,2.566898588220263
18,1093.1175961536383,1095.0540186523267,-0.1771467686095393
19,1143.2429836502401,1143.2429836502401,0.0
