M,c,paoi_s,timeavg_s,ratio,cv,n_cycles
8,2,1799.5515179551403,901.2144403207486,1.9968072385909252,0.03998666290980822,2881
10,2,2278.859295622147,1140.51395036416,1.9980985720468558,0.030848317519184584,3601
12,2,2759.5875029720364,1380.6630228281372,1.9987407914491135,0.025099819256723433,4321
8,3,1513.314614294637,757.0820643797364,1.9988779096681788,0.023693039363679152,2881
10,3,1553.9551179955063,778.2092739622386,1.9968344891131553,0.03981538056437044,3601
12,3,1799.5875029720364,900.9619711325049,1.9974067281773986,0.03603219891715968,4321
8,4,1503.2284293490695,751.7250485633177,1.999705121203571,0.012143357846831244,2881
10,4,1507.6008871915344,754.0293173016381,1.9993929315462429,0.017424878417929127,3601
12,4,1520.1843094838914,760.633445648892,1.998576736508123,0.026685923748699086,4321
