method,M,aoi_min,sd_min
proposed,4,54.84784605950823,2.053537313615812
proposed,6,47.743125966109915,2.2702451190602186
proposed,8,44.52061205497993,2.507210765937637
proposed,10,41.974700376283735,2.0108806293810573
proposed,12,41.10288602542786,1.9262235392920586
proposed,14,39.91996981609919,2.057616772519524
proposed,16,39.49656198055672,2.0017909571861208
proposed,20,40.88088106692408,1.9664900280627264
no_cetsp,4,58.23923795631454,1.7065851185904477
no_cetsp,6,50.28516931216338,2.8422491251517314
no_cetsp,8,46.751705735135864,3.18854749485532
no_cetsp,10,43.60191466364391,1.8908935084529543
no_cetsp,12,42.75941476392383,1.8538520213956682
no_cetsp,14,41.59172922058873,2.2015321553477833
no_cetsp,16,41.04739290278397,2.1878518190275233
no_cetsp,20,42.13909627341476,2.0867229736726354
coverage,4,60.210218423865726,5.454460486835491
coverage,6,52.59829378418499,5.08778575997699
coverage,8,51.357621308719466,6.948181341324471
coverage,10,50.69035228128237,3.9176075510505157
coverage,12,50.391572438624,5.589284147457749
coverage,14,50.27274931304313,6.589113493737022
coverage,16,49.210274237299046,6.38809635744365
coverage,20,51.7881906620676,6.854240151694148
roundrobin,4,68.53293002654738,4.3867819445046985
roundrobin,6,60.07791566597882,3.3637629676981855
roundrobin,8,58.6918681940339,5.026661723965256
roundrobin,10,57.81166081024297,5.149853866977737
roundrobin,12,56.7116934018624,4.396721973003107
roundrobin,14,54.98724925590354,4.375041138940836
roundrobin,16,54.108988972486394,4.716849286922413
roundrobin,20,55.0525658419278,4.6498188659551944
single_station,4,61.488544228368816,3.424554871820433
single_station,6,53.57070010011182,3.140533816700828
single_station,8,50.90604710867162,3.360585943035882
single_station,10,47.59737599322853,3.1784720523024257
single_station,12,46.23036024591038,3.1422547616136383
single_station,14,45.48924012228883,3.952069361890394
single_station,16,44.684881243662936,3.9461043318136664
single_station,20,45.012118336144084,3.7730133386011815
