C_tot,M,K,uav_per_port,proposed_min,proposed_sd,proposed_worst,single_min
4,20,160,5.0,55.38436811682161,1.25060164090804,57.047665430145756,59.61362739769548
4,30,240,7.5,64.08976344097681,1.3040641796447714,66.74602449064497,68.59549274791392
4,40,320,10.0,80.51897289760069,2.1746337075172093,83.86720752377542,83.07507367651415
4,50,400,12.5,99.37233952659304,1.8904158062534167,103.49220290322614,102.43714080519645
4,60,480,15.0,118.6395418541409,1.1167990994974986,120.80119698992891,122.06975151474948
6,20,160,3.3333333333333335,51.07110323329712,2.039172491836722,54.48559269444341,57.48642656651688
6,30,240,5.0,52.56542548694333,1.4591009796052923,54.84992995498301,58.77282652675767
6,40,320,6.666666666666667,57.518565295610536,2.0569446574860146,61.43037287575424,60.07114535995538
6,50,400,8.333333333333334,66.08234104626867,1.7797746664113816,69.84037512758253,69.44169276892798
6,60,480,10.0,78.26410246601787,1.3809197934519901,80.84752230258319,82.07594891444526
