seed,aoi_cov_mm,aoi_traf_mm,aoi_cov_md,aoi_traf_md,winner_mm,winner_md,flipped
0,1407.6645767487553,1149.3735262978064,1351.1197058068374,1101.8029283651374,traf,traf,0
1,1509.7355853823462,1201.382960522865,1420.7589178081203,1127.8376449277403,traf,traf,0
2,1482.0139253303146,1178.9777967366226,1425.1780140608962,1119.893075302101,traf,traf,0
3,1196.1128060433107,1147.1542806731768,1158.7317068633988,1076.289133605223,traf,traf,0
4,1456.497153216727,1233.3678833727918,1417.7619133517057,1181.3721763625576,traf,traf,0
5,1472.230852949,1186.3032983834785,1345.9596147618188,1110.152554420638,traf,traf,0
6,1423.2117664773139,1195.1855544568564,1291.898382107442,1134.592402202847,traf,traf,0
7,1592.4791639881055,1185.991616553314,1447.821187713125,1127.0964846783215,traf,traf,0
8,1420.0394780551846,1151.3266518409205,1292.3159985640978,1096.706320889959,traf,traf,0
9,1356.8896868728489,1161.1826745071958,1297.8401437290786,1103.1311578335408,traf,traf,0
10,1413.1534493576564,1204.0369238972849,1352.994490570522,1130.0445711238353,traf,traf,0
11,1303.8935544113976,1184.188858919546,1247.788214034141,1141.0061807517914,traf,traf,0
12,1489.6195673490324,1218.0676308865168,1430.2496984072745,1189.0539209361914,traf,traf,0
13,1499.8425953324108,1187.2247336370165,1405.1648440765905,1125.0829250953373,traf,traf,0
14,1177.2820912889115,1174.2040553799036,1101.9625477129885,1101.9625477129885,traf,tie,1
15,1139.4795087407888,1139.4795087407888,1090.8033293581875,1090.8033293581875,tie,tie,0
16,1383.8228048399478,1124.6812732024523,1295.800995206822,1084.0326278750538,traf,traf,0
17,1344.8430951510695,1182.6242689610835,1310.2434636371809,1102.6850551438492,traf,traf,0
18,1153.3480216053795,1093.1175961536383,1066.8299411043533,1036.7011349733134,traf,traf,0
19,1458.4853385515335,1143.2429836502401,1322.0292924785153,1100.2772982988472,traf,traf,0
