seed,margin_min,margin_mean,margin_max,feasible
0,78.50558702799034,170.171466514095,273.4624403423067,1
1,110.46709828813275,154.37796107824806,251.72361645051137,1
2,62.345640845201984,146.10822611972887,236.8178814796859,1
3,57.172793987293204,157.41605807074055,260.95287702114456,1
4,89.17684022028808,152.74510460447237,210.5501864206683,1
5,22.052661030652985,126.66200860845338,205.3768406963469,1
6,23.62707328249951,132.2043034042296,261.71166714951323,1
7,7.685269697754961,109.2758830344012,237.4463573473192,1
8,14.386761881008852,139.26770739623404,246.95529278468496,1
9,104.73281552203417,168.09471063005537,242.7588483985259,1
10,60.860132278962936,144.1653983204247,225.37104619753202,1
11,40.4304950546578,149.81826640234488,264.5697875789051,1
12,96.70063844813882,160.03295818819518,221.43709468535894,1
13,57.243396379436746,162.61692739605232,247.29742205618072,1
14,82.8266082467922,143.6972610703867,225.75235889753023,1
15,78.3627467657254,157.80156774823448,225.5166508528484,1
16,53.354914238932764,131.92837368992667,257.8157828288747,1
17,54.125835478680784,138.19482679575285,251.5169147653495,1
18,90.78950702986313,163.64174992170086,239.23525355916954,1
19,69.96844091942964,137.94001103895275,237.8645126821448,1
