M,seed,t_partition,t_trajectory_gpu,t_combinatorial_cpu,t_end_to_end
12,0,0.0061632064171135426,3.189986750949174,0.07295902399346232,3.263368590734899
12,1,0.004590757191181183,3.18973196297884,0.07606779085472226,3.2710814541205764
12,2,0.00460722204297781,3.170217732898891,0.06735949637368321,3.240694405976683
12,3,0.004569398704916239,3.1677047228440642,0.07074109697714448,3.245272906962782
12,4,0.0046001579612493515,2.962937096133828,0.08166388794779778,3.108628031797707
12,5,0.004655241966247559,3.1936027468182147,0.06061728484928608,3.2604094450362027
12,6,0.004599211737513542,3.172387504018843,0.06669692369177938,3.244967387057841
12,7,0.004575822036713362,3.175489231944084,0.06474861595779657,3.239670886192471
12,8,0.004594790283590555,3.1748409289866686,0.06315357331186533,3.25077699823305
12,9,0.004591642878949642,3.1789213037118316,0.06666204100474715,3.253986212890595
12,10,0.004618208855390549,3.1746119293384254,0.06930695194751024,3.2522289105691016
12,11,0.004588107578456402,3.1653570840135217,0.06774003710597754,3.2359310002066195
12,12,0.004561746027320623,3.1873897342011333,0.07609993359073997,2.9149249168112874
12,13,0.004994629882276058,2.786403694190085,0.07876158691942692,2.840527204796672
12,14,0.005061844363808632,2.7700011879205704,0.08065188769251108,2.8707968262024224
12,15,0.005079575814306736,2.8052205089479685,0.05827611591666937,2.84282806282863
12,16,0.005088902078568935,2.7599007077515125,0.07526396913453937,2.8383826739154756
12,17,0.0049803671427071095,2.765341328922659,0.07564405584707856,2.839899965096265
12,18,0.004956704098731279,2.7590875388123095,0.07633613282814622,2.848310731817037
12,19,0.00489784637466073,2.7654296550899744,0.07752251205965877,2.84765382995829
60,0,0.022008879110217094,2.7795575000345707,0.9061372391879559,3.7313080029562116
60,1,0.021711390931159258,2.7831532349810004,0.7349114771932364,3.548282145988196
60,2,0.021427858620882034,2.799276922829449,0.5719040147960186,3.370819385163486
60,3,0.021602497901767492,2.7796466019935906,0.7758745863102376,3.578117759898305
60,4,0.021709134802222252,2.782073977869004,0.4967877110466361,3.3084518457762897
60,5,0.021744953002780676,2.7842942574061453,0.5699269860051572,3.3757836990989745
60,6,0.02185484627261758,2.795133499894291,0.6718380940146744,3.4942807559855282
60,7,0.021756387315690517,2.7765787481330335,0.8171909460797906,3.6222022771835327
60,8,0.02112274430692196,2.7888509961776435,0.6566052013076842,3.4639757219702005
60,9,0.022459662053734064,2.815426142886281,0.715698434971273,3.525043304078281
60,10,0.02151407301425934,2.7747507388703525,0.5924287918023765,3.3843354829587042
60,11,0.02226787805557251,2.7833121409639716,0.5232274429872632,3.334218407049775
60,12,0.02220671810209751,2.7833871538750827,0.45131500996649265,3.2572666639462113
60,13,0.022105058189481497,2.7821811279281974,1.0563900917768478,3.8692397931590676
60,14,0.0211973930709064,2.783561340998858,0.8245106460526586,3.6233171806670725
60,15,0.021718509029597044,2.777305449359119,0.5716397250071168,3.495715443044901
60,16,0.021955038886517286,2.777713421266526,0.8834199500270188,3.6763800298795104
60,17,0.021551597863435745,2.7847264618612826,0.6549962689168751,3.428516832180321
60,18,0.021454202942550182,2.7805619048886,0.5737700774334371,3.385843154974282
60,19,0.02175007201731205,2.7854332299903035,0.7101379102095962,3.535688524134457
