seed,n_pairs,min_m,med_m,mean_m,n_below_50m,n_below_100m,n_below_200m
0,66,602.6180401610143,1854.124881262833,2081.9659567936383,0,0,0
1,66,651.190895618172,2100.6787526333064,2140.4017296670254,0,0,0
2,66,621.5522817722605,2228.306385063819,2339.729868985498,0,0,0
3,66,505.64079999418584,2039.5639853550913,2173.849227818265,0,0,0
4,66,339.86183934006425,1792.9897268235936,1995.8181251719457,0,0,0
5,66,584.6113754999337,2640.4848926707764,2766.277910697628,0,0,0
6,66,518.2782541156811,2347.1314876512497,2278.556377112044,0,0,0
7,66,198.94550221836909,2495.9243714292234,2456.237233890307,0,0,1
8,66,482.55601440666743,2492.2647181378607,2482.405772024373,0,0,0
9,66,442.44326294174425,2289.427632558908,2426.6134027267967,0,0,0
10,66,486.7347326315029,2354.5638415264157,2557.141227559832,0,0,0
11,66,621.2542142531539,2225.4385891146326,2415.719104921338,0,0,0
12,66,448.585919918554,2177.5120855722234,2284.2453242110714,0,0,0
13,66,479.6716860416906,1862.5104249668893,1933.554981372896,0,0,0
14,66,577.0464590228737,1926.5242258002008,2071.4619187292083,0,0,0
15,66,701.4796404127758,2550.9496280625563,2650.9921639595946,0,0,0
16,66,615.1319377578719,2086.567438962448,2274.3475017309283,0,0,0
17,66,444.22276047231594,2275.5275321905046,2277.7547208360875,0,0,0
18,66,551.1772188832463,2225.675586657453,2204.1365301206743,0,0,0
19,66,592.2732676682303,2246.2737048269846,2257.7897676961275,0,0,0
