seed,single_uav_min,swarm_min,gain_pct
0,119.59871363488129,40.948162939324476,65.76203732062396
1,141.27979493454046,42.23978901670407,70.1020311954196
2,144.08137248768637,42.51347670331547,70.49342606245037
3,130.27724315050878,39.44864218145226,69.71946809169319
4,146.03964031115223,46.40195449242692,68.22646618852056
5,144.76180696679643,41.17496721818322,71.55674685131045
6,138.85529453449107,40.94835403925858,70.51005208225087
7,123.37486898756143,39.96288679610445,67.60856799764183
8,137.79899311284268,39.873507927362866,71.06400632789043
9,136.6348169353603,39.91412072579128,70.78773798579172
10,145.703362032976,41.133729443356565,71.76885360130052
11,133.50920874334767,42.8200055936831,67.92730179683828
12,142.1989654313671,44.132153140469434,68.96450476514191
13,139.39703601085074,41.86742973758444,69.96533718670642
14,132.59086975646463,41.04696576549524,69.04238893606478
15,134.9637265370021,39.523099250996395,70.71576173457198
16,135.67944207005317,39.401342955312614,70.95997569405603
17,137.72014162533193,41.544888329688,69.83383269913344
18,142.15092655865186,36.7974516059051,74.11381515637017
19,135.0067792548586,40.29765978286785,70.15138054156814
